entity,verb,role,count
AFP,tell,object,1
AI,enable,subject,1
Abbas Aragchi,hold,subject,1
Abbas Aragchi,say,subject,1
Abbas Araghchi,say,subject,4
Abbas Araghchi,accuse,subject,1
Abbas Araghchi,tell,subject,1
Abbas Araghchi,hail,subject,1
Abbas Araghchi,arrive,subject,1
Abbas Araghchi,continue,subject,1
Abbas Araghchi,follow,subject,1
Abraham Accords,declare,object,1
Abraham Accords,be,subject,1
Abraham Accords,normalise,subject,1
Abu Dhabi,call,subject,1
Adam Smith,tell,subject,1
Adm Brad Cooper,say,subject,2
Ahmad Vahidi,lead,subject,1
Akraminia,say,subject,1
Alexandra Snow,say,subject,1
Ali,recount,subject,1
Ali,announce,subject,1
Ali Larijani,include,object,1
Ali Vaez,think,subject,1
Ali Vaez,assess,subject,1
Alliance Fairfax,exit,subject,1
Americans,be,subject,2
Americans,gain,subject,1
Americans,grant,subject,1
Americans,disregard,subject,1
Americans,face,subject,1
Americans,have,subject,1
Americans,travel,subject,1
Americans,feel,subject,1
Americans,expect,subject,1
Americans,tell,object,1
Americans,use,subject,1
Andrei,show,object,1
Andrei,wait,subject,1
Andrei,carry,subject,1
Andrew Peek,say,subject,1
Anna Kelly,confirm,subject,1
Annie Shiel,say,subject,1
António Guterres,say,subject,1
António Guterres,be,subject,1
Anura Kumara Dissanayake,say,subject,1
Anwar Gargash,describe,subject,1
Aoun,take,subject,1
Aoun,vow,subject,1
Aoun,appear,subject,1
Aoun,propose,subject,1
Aoun,defend,subject,1
Aoun,warn,subject,1
Aoun,ask,object,1
Aragchi,call,subject,1
Araghchi,say,subject,1
Araghchi,tell,object,1
Araghchi,share,subject,1
Araghchi,write,subject,1
Araghchi,expect,passive_subject,1
Araghchi,meet,subject,1
Araghchi,plan,subject,1
Araghchi,rebuke,object,1
Araghchi,stress,subject,1
Araqchi,tell,object,1
Araqchi,tell,subject,1
Armin,tell,subject,1
Armin,explain,subject,1
Armin,be,subject,1
Arsenio Dominguez,tell,subject,2
Arun Kumar,say,subject,1
Assaf Orion,say,subject,1
Atefeh Ramezanisadeh,be,subject,1
Atkinson,say,subject,6
Attaullah Tarar,say,subject,1
Axios,report,subject,5
Axios,describe,subject,1
Axios,say,subject,1
Axios,tell,object,1
Ayatollah Ali Khamenei,kill,passive_subject,2
Ayatollah Ali Khamenei,report,subject,1
Ayatollah Ali Khamenei,make,subject,1
Ayatollah Ruhollah Khomeini,report,subject,1
Aywar Shekhi,tell,subject,1
Azerbaijan,accuse,subject,1
Azizi,reflect,subject,1
Azizi,emphasise,subject,1
Azizi,dismiss,subject,1
Azizi,scoff,subject,1
Azizi,say,subject,1
Azizi,repeat,subject,1
BBC Gloucestershire,follow,object,1
BBC InDepth,be,subject,2
BBC Jersey,tell,object,1
BBC Jersey,follow,object,1
BBC Kent,follow,object,1
BBC London,follow,object,2
BBC Verify,check,subject,1
BBC Verify,put,subject,1
BBC Verify,analyse,subject,1
BBC Verify,see,subject,1
BBC Verify,use,subject,1
BBC Verify,rely,subject,1
BBC World Service,tell,object,1
Bab al-Mandab,block,object,1
Babu,say,subject,1
Badea,deny,subject,2
Badea,fly,subject,1
Badea,allege,passive_subject,1
Baghaei,say,subject,1
Baghaei,ask,object,1
Baghaei,underline,subject,1
Baghaei,recall,subject,1
Bahrain,report,subject,1
Bangladesh,cut,passive_subject,1
Bank,rush,subject,1
Bansal,say,subject,1
Barack Obama,argue,subject,1
Beijing,be,subject,1
Beijing,urge,subject,1
Beijing,credit,object,1
Beijing,call,subject,1
Beijing,force,object,1
Beirut,hit,object,1
Beirut,overlook,object,1
Beirut,say,subject,1
Bennett,tell,subject,1
Bennett,add,subject,1
Bessent,hold,subject,1
Bessent,be,subject,1
Bill Greer,found,subject,1
Blaha,spend,subject,1
Blanford,say,subject,1
Bleik,say,subject,1
Boxes,label,subject,1
Brandon-Smith,add,subject,1
Brandon-Smith,state,subject,1
Briant,say,subject,1
British Royal Navy,send,subject,1
Bryant,say,subject,1
Burch,suffer,subject,1
Burch,work,subject,1
Bushehr,operate,object,1
CBS,tell,object,1
CBS News,tell,object,2
CCTV,show,subject,1
CMA CGM,confirm,subject,1
CNBC,tell,object,1
CND,call,subject,1
CNN,tell,object,3
Caine,add,subject,1
Caine,say,subject,1
Campaign for Nuclear Disarmament (CND,organise,subject,1
Carlos Gimenez,say,subject,1
Centcom,say,subject,24
Centcom,accuse,subject,1
Centcom,describe,subject,1
Centcom,seek,subject,1
Centcom,post,subject,1
Centcom,deny,subject,1
Centcom,prepare,subject,1
Centcom,share,subject,1
Centcom,release,subject,1
Centcom,announce,subject,1
Centcom,confirm,subject,1
Centcom,add,subject,1
Central Command,post,subject,1
Central Command,announce,subject,1
Champagne,say,subject,1
Charles,arrive,subject,1
Charles O Blaha,say,subject,1
China,believe,subject,2
China,be,subject,2
China,hop,subject,1
China,appreciate,subject,1
China,import,subject,1
China,challenge,subject,1
China,visit,object,1
China,estimate,passive_subject,1
China,describe,subject,1
China,call,subject,1
China,pressure,object,1
China,urge,subject,1
China,prepare,subject,1
China,take,subject,1
China,report,subject,1
China,watch,subject,1
China,push,subject,1
Chris Sherriff,say,subject,1
Christoph Koettl,say,subject,1
Clock,be,subject,1
Committee for National Security and Foreign Policy,head,object,1
Congress,notify,object,3
Congress,make,subject,1
Congress,block,subject,1
Congress,pass,subject,1
Control of the Strait of Hormuz,become,subject,1
Cooper,say,subject,4
Cooper,tell,subject,1
Cooper,deliver,subject,1
Corbett,say,subject,1
Cormac McGarry,say,subject,1
Craig Foreman,say,subject,5
Craig Foreman,arrest,passive_subject,1
Craig Foreman,believe,passive_subject,1
Craig Foreman,wait,subject,1
Craig Foreman,return,object,1
Craig Foreman,detain,passive_subject,1
Craig Foreman,be,subject,1
Craig Foreman,tell,subject,1
Craig Foreman,warn,subject,1
Craig Foreman,return,passive_subject,1
Craig Foreman,hold,passive_subject,1
Craig Foreman,jump,subject,1
Craig Foreman,assess,subject,1
Craig Foreman,interrogate,passive_subject,1
Dan Caine,say,subject,1
Darren Jones,tell,subject,1
David Satterfield,tell,subject,1
David Schultz,tell,subject,1
Dax,be,subject,1
Defence Investment Plan,be,subject,1
Democrats,vow,subject,2
Democrats,write,subject,1
Democrats,urge,subject,1
Dems,propose,subject,1
Department of Defense,suspend,object,1
Diako,be,subject,1
Diako,meet,object,1
Diako,want,subject,1
Dilman Mahmoud,say,subject,1
DoD,say,subject,1
Donald Rothwell,say,subject,1
Dorset,say,subject,2
Dr Emma Briant,say,subject,1
Dubai,leave,object,1
Duncan Atkinson KC,say,subject,1
Duncan Atkinson KC,tell,subject,1
Ebrahim Azizi,tell,subject,1
Ebrahim Rezaei,write,subject,2
Ed Davey,say,subject,1
Elisa Ewers,agree,subject,1
Emma Barnett,bring,subject,3
Emmanuel Macron,say,subject,1
Epaminondas,seize,passive_subject,1
Epaminondas,attack,passive_subject,1
Epaminondas,detain,passive_subject,1
Erfan Shakourzadeh,hang,passive_subject,1
Esmaeil Baghaei,quote,passive_subject,2
Esmail Baghaei,say,subject,2
Esmail Baghaei,insist,subject,1
Esmail Baghaei,tell,subject,1
Esmail Baghaei,deny,subject,1
Esmail Baghaei,end,subject,1
Esmail Baghaei,criticise,subject,1
Esmail Baqaei,say,subject,1
Esmail Khatib,include,object,1
Ewers,say,subject,1
Fars News Agency,say,subject,1
Fatemeh Mohajerani,say,subject,1
Fatemeh Pasandideh,be,subject,1
Firozabad,produce,subject,1
Foreign Office,say,subject,1
"Foreign, Commonwealth & Development Office",say,subject,1
Fox Business News,tell,object,1
Fox News,tell,object,4
France,lead,subject,2
France,announce,subject,1
France,envisage,subject,1
France,co,subject,1
Friedrich Merz,call,subject,1
Friedrich Merz,criticise,subject,1
Friedrich Merz,say,subject,1
Fujairah,be,subject,1
Fujairah,come,subject,1
Fujairah,lie,subject,1
Gal,say,subject,1
Gargash,say,subject,1
Gaza,do,object,1
George Floyd,see,passive_subject,1
George HW Bush,seek,subject,1
George Stana,deny,subject,3
George Stana,be,subject,2
George Stana,fly,subject,1
George Stana,drive,subject,1
George Stana,wait,subject,1
George Stana,say,passive_subject,1
George Stana,stop,passive_subject,1
George Stana,leave,subject,1
Georgieva,warn,subject,1
Gerapetritis,tell,subject,1
Germany,do,subject,1
Germany,be,subject,1
Germany,accuse,object,1
Germany,project,passive_subject,1
Germany,stand,subject,1
Getty Images BBC InDepth,be,subject,1
Ghalibaf,say,subject,2
Ghalibaf,emerge,subject,1
Ghalibaf,address,subject,1
Giorgos Gerapetritis,confirm,subject,1
Giorgos Gerapetritis,say,subject,1
Grant Rumley,tell,subject,1
Grant Rumley,say,subject,1
Greer,observe,subject,1
Gregory Meeks,tell,subject,1
Gulf,exit,object,2
Gulf,connect,object,2
Gulf,enter,object,1
Gulf of Oman,face,object,1
Guo,tell,subject,1
Guo,say,subject,1
Guo Jiakun,say,subject,1
HMS Dragon,be,subject,1
HRW,issue,subject,1
Haji Ali,sink,subject,1
Hamas,include,object,1
Hamidreza,tell,subject,1
Hamidreza Haji Bababei,claim,subject,1
Hamidreza Mohammadi,tell,subject,2
Hamidreza Mohammadi,say,subject,2
Hamidreza Mohammadi,warn,subject,1
Hamish Falconer,describe,subject,1
Hampshire,say,subject,1
Harrison,say,subject,1
Hawley,say,subject,1
Healey,say,subject,3
Healey,offer,subject,1
Heather Brandon-Smith,say,subject,1
Hegseth,say,subject,5
Hegseth,speak,subject,1
Hegseth,spar,subject,1
Hegseth,warn,subject,1
Hegseth,insist,subject,1
Hengaw,say,subject,1
Hezbollah,be,subject,5
Hezbollah,fire,subject,4
Hezbollah,disarm,object,3
Hezbollah,carry,subject,2
Hezbollah,weaken,passive_subject,2
Hezbollah,strike,object,2
Hezbollah,break,subject,1
Hezbollah,begin,subject,1
Hezbollah,continue,subject,1
Hezbollah,receive,subject,1
Hezbollah,defeat,passive_subject,1
Hezbollah,accuse,object,1
Hezbollah,create,passive_subject,1
Hezbollah,manage,subject,1
Hezbollah,agree,subject,1
Hezbollah,hold,subject,1
Hezbollah,have,subject,1
Hezbollah,respond,subject,1
Hezbollah,debate,subject,1
Hezbollah,insist,subject,1
Hezbollah,give,subject,1
Hezbollah,kill,subject,1
Hezbollah,scupper,subject,1
Hezbollah,target,object,1
Hezbollah,fight,object,1
Hezbollah,weaken,object,1
Hezbollah,join,subject,1
Hezbollah,take,passive_subject,1
Hezbollah,disarm,passive_subject,1
Hezbollah,say,subject,1
Higgins,say,subject,3
Higgins,add,subject,1
Hong Kong,seize,subject,1
Hormuz,be,subject,1
Hormuz Strait,block,passive_subject,1
House Intelligence Committee,chair,object,1
Huckabee,say,subject,1
Hui Chuan - last,broadcast,subject,1
Human Rights Activists,report,subject,1
Human Rights Activists News Agency,report,subject,1
Human Rights Office,warn,subject,1
Hung Cao,serve,subject,1
Hunt,explain,subject,1
Husayn ibn Ali,be,subject,1
IDF,say,subject,2
IDF,harm,object,1
IRGC,deny,subject,2
IRGC,say,subject,2
IRGC,be,subject,2
IRGC,share,subject,1
IRGC,open,subject,1
IRGC,target,subject,1
IRGC,hail,subject,1
IRGC,mention,subject,1
IRGC,add,subject,1
IRGC,designate,subject,1
IRGC Naval Command,say,subject,1
IRNA,report,subject,1
IRNA,say,subject,1
ITV,tell,object,1
Ichiro Kutani,say,subject,1
India,say,subject,1
India,host,subject,1
International Maritime Organization,visit,object,1
International Monetary Fund,warn,subject,2
International Monetary Fund,predict,subject,1
Iran,say,subject,23
Iran,agree,subject,18
Iran,have,subject,15
Iran,be,subject,13
Iran,attack,object,12
Iran,accuse,object,8
Iran,deny,subject,8
Iran,continue,subject,7
Iran,insist,subject,6
Iran,want,subject,6
Iran,announce,subject,5
Iran,respond,subject,5
Iran,decide,subject,5
Iran,seek,subject,4
Iran,launch,subject,4
Iran,remain,subject,4
Iran,threaten,subject,4
Iran,end,subject,4
Iran,attack,subject,4
Iran,call,subject,4
Iran,give,subject,4
Iran,infuriate,object,3
Iran,try,subject,3
Iran,urge,object,3
Iran,do,subject,3
Iran,fire,subject,3
Iran,make,subject,3
Iran,restrict,subject,3
Iran,demand,subject,3
Iran,lay,subject,2
Iran,control,subject,2
Iran,warn,subject,2
Iran,enter,object,2
Iran,warn,object,2
Iran,pressure,object,2
Iran,show,subject,2
Iran,limit,subject,2
Iran,begin,subject,2
Iran,close,subject,2
Iran,hold,subject,2
Iran,describe,subject,2
Iran,accuse,subject,2
Iran,accuse,passive_subject,2
Iran,attend,subject,2
Iran,blackmail,subject,2
Iran,refuse,subject,2
Iran,block,subject,2
Iran,back,subject,2
Iran,offer,subject,2
Iran,charge,subject,2
Iran,know,passive_subject,1
Iran,keep,subject,1
Iran,turn,subject,1
Iran,carry,subject,1
Iran,obtain,subject,1
Iran,hit,subject,1
Iran,act,subject,1
Iran,retaliate,subject,1
Iran,remains,subject,1
Iran,expect,passive_subject,1
Iran,trifle,subject,1
Iran,review,subject,1
Iran,deliver,subject,1
Iran,blockade,subject,1
Iran,impose,subject,1
Iran,come,subject,1
Iran,choose,subject,1
Iran,demonstrate,subject,1
Iran,enrich,subject,1
Iran,start,object,1
Iran,receive,subject,1
Iran,send,subject,1
Iran,pay,object,1
Iran,target,subject,1
Iran,stop,object,1
Iran,see,object,1
Iran,export,subject,1
Iran,use,subject,1
Iran,blame,object,1
Iran,get,subject,1
Iran,die,subject,1
Iran,tick,subject,1
Iran,return,object,1
Iran,re,subject,1
Iran,open,subject,1
Iran,sweep,object,1
Iran,comment,subject,1
Iran,reopen,subject,1
Iran,remove,object,1
Iran,dismiss,subject,1
Iran,complain,subject,1
Iran,accept,subject,1
Iran,condemn,subject,1
Iran,violate,subject,1
Iran,designate,subject,1
Iran,thank,object,1
Iran,require,subject,1
Iran,hit,passive_subject,1
Iran,destroy,object,1
Iran,maintain,subject,1
Iran,manage,subject,1
Iran,order,object,1
Iran,live,subject,1
Iran,work,subject,1
Iran,arm,subject,1
Iran,leave,object,1
Iran,capitulate,subject,1
Iran,arrange,subject,1
Iran,shut,subject,1
Iran,starve,object,1
Iran,force,object,1
Iran,weaken,passive_subject,1
Iran,strike,object,1
Iran,resume,object,1
Iran,feel,subject,1
Iran,persuade,object,1
Iran,execute,subject,1
Iran,survive,subject,1
Iran,cut,subject,1
Iran,start,subject,1
Iran,meet,subject,1
Iran,overplay,subject,1
Iran,indicate,subject,1
Iran,reach,subject,1
Iran,resist,subject,1
Iran,stand,subject,1
Iran,enable,object,1
Iran,rank,passive_subject,1
Iran,prevent,object,1
Iran,do,object,1
Iran,abandon,subject,1
Iran,satisfy,object,1
Iran,seem,subject,1
Iran,exercise,subject,1
Iran,suffer,subject,1
Iran,bomb,object,1
Iran,tell,subject,1
Iran,let,subject,1
Iran,abide,subject,1
Iran,provide,subject,1
Iran,need,subject,1
Iran Labour News Agency,include,object,1
Iranian Revolutionary Guard Corps,allude,subject,1
Iranian Students' News Agency,tell,object,1
Iranians,be,subject,7
Iranians,push,object,3
Iranians,bow,subject,2
Iranians,have,subject,2
Iranians,want,subject,2
Iranians,seize,subject,2
Iranians,object,subject,1
Iranians,face,subject,1
Iranians,circumvent,subject,1
Iranians,fund,subject,1
Iranians,suffer,subject,1
Iranians,lose,subject,1
Iranians,hear,object,1
Iranians,show,subject,1
Iranians,use,subject,1
Iranians,live,subject,1
Iranians,blow,object,1
Iranians,go,subject,1
Iranians,believe,subject,1
Iranians,keep,subject,1
Iranians,like,subject,1
Iranians,bomb,object,1
Iraq,ship,subject,1
Irins Bushehr,take,object,1
Iris Dena,return,subject,1
Irna news agency,report,subject,1
Ishaq Dar,urge,subject,1
Islamabad,leave,object,2
Islamabad,wait,subject,1
Islamabad,host,subject,1
Islamic Revolution Guard Corps,blame,subject,1
Islamic Revolutionary Guards Corps,lay,subject,1
Isle of Wight Air Ambulance,say,subject,1
Israel,launch,subject,18
Israel,attack,subject,13
Israel,say,subject,10
Israel,continue,subject,7
Israel,begin,subject,4
Israel,be,subject,4
Israel,agree,subject,3
Israel,kill,subject,2
Israel,carry,subject,2
Israel,target,subject,2
Israel,hit,subject,2
Israel,see,subject,2
Israel,recognise,subject,2
Israel,insist,subject,2
Israel,react,subject,1
Israel,send,subject,1
Israel,appear,subject,1
Israel,break,subject,1
Israel,strike,object,1
Israel,inflict,subject,1
Israel,go,subject,1
Israel,help,object,1
Israel,see,object,1
Israel,suspect,subject,1
Israel,wait,subject,1
Israel,accuse,object,1
Israel,support,subject,1
Israel,consider,subject,1
Israel,include,object,1
Israel,avoid,subject,1
Israel,respond,subject,1
Israel,ignore,subject,1
Israel,withdraw,subject,1
Israel,abide,subject,1
Israel,downgrade,subject,1
Israel,attack,object,1
Israel,warn,subject,1
Israel,have,subject,1
Israel,take,object,1
Israel,want,subject,1
Israel,preserve,subject,1
Israel,maintain,subject,1
Israel,resume,subject,1
Israel,argue,subject,1
Israel,allow,subject,1
Israel,escalate,subject,1
Israel,ignite,subject,1
Israel,do,subject,1
Israel,translate,subject,1
Israel,turn,object,1
Israel,threaten,object,1
Israel,fight,subject,1
Israel,wag,subject,1
Israel,behave,subject,1
Israel,call,subject,1
Israel Defense Forces (IDF,say,subject,1
Israel Katz,describe,subject,1
Israelis,send,subject,1
Israelis,see,subject,1
Israelis,say,subject,1
Israelis,agree,subject,1
Israelis,vote,subject,1
Israelis,promise,object,1
Italy,be,subject,1
J D Vance,say,subject,1
JD Vance,lead,subject,4
JD Vance,head,subject,3
JD Vance,be,subject,2
JD Vance,meet,subject,1
JD Vance,go,subject,1
JD Vance,tell,subject,1
JD Vance,accuse,subject,1
JD Vance,remain,subject,1
JD Vance,board,subject,1
JD Vance,blame,object,1
JD Vance,stand,subject,1
Jakob Larsen,tell,subject,1
Jared Golden,be,subject,1
Jared Kushner,waste,subject,1
Jared Kushner,join,subject,1
Jeddah,have,object,1
Jeff Rathke,say,subject,1
Jewish People Policy Institute,publish,subject,1
Joe,say,subject,1
Joe Biden,reverse,subject,1
Joeseph Aoun,say,subject,1
John Healey,announce,subject,1
John Healey,co,subject,1
John Healey,say,subject,1
John Kennedy,condemn,subject,1
John Simpson,bring,subject,3
Jones,say,subject,2
Jones,tell,subject,1
Jones,lead,subject,1
Jorgen Watne Frydnes,echo,subject,1
Joseph Aoun,describe,subject,1
Josh Hawley,call,subject,1
Kamran Yousef,declare,subject,1
Kan News,tell,object,2
Karoline Leavitt,say,subject,1
Karoline Leavitt,clarify,subject,1
Karoline Leavitt,confirm,subject,1
Karoline Leavitt,tell,subject,1
Kathleen Brooks,say,subject,1
Katie Stevens,say,subject,1
Katz,say,subject,1
Keir,say,subject,5
Keir,lead,subject,1
Keir,discuss,subject,1
Keir,confirm,subject,1
Keir,rule,subject,1
Keir,underline,subject,1
Keir,warn,subject,1
Keir Starmer,say,subject,7
Keir Starmer,chair,subject,1
Khamenei,kill,passive_subject,1
Kharg Island,include,object,1
Khatib,argue,subject,1
Khatibzadeh,say,subject,2
Kim Ghattas,tell,subject,1
Kristalina Georgieva,tell,subject,1
Kumar,say,subject,1
Kurdistan Human Rights Network,obtain,subject,1
Kushner,send,object,1
Kushner,lead,subject,1
Kushner,do,subject,1
Kushner,add,passive_subject,1
Kutani,say,subject,1
Kuwait,say,subject,1
Leavitt,say,subject,4
Leavitt,add,subject,1
Lebanese,be,subject,1
Lebanese,feel,subject,1
Lebanon,include,object,4
Lebanon,include,passive_subject,4
Lebanon,have,subject,3
Lebanon,hit,object,2
Lebanon,agree,subject,2
Lebanon,recognise,subject,2
Lebanon,cover,passive_subject,2
Lebanon,continue,subject,1
Lebanon,be,subject,1
Lebanon,remove,object,1
Lebanon,use,object,1
Lebanon,divide,object,1
Lebanon,recognise,object,1
Lebanon,fight,subject,1
Lebanon,target,object,1
Lebanon,include,subject,1
Lebanon,cover,object,1
Lebanon,experience,subject,1
Lebanon,name,object,1
Ledwith,ask,subject,1
Lee,credit,passive_subject,1
Lee Kuan Yew,credit,subject,1
Liat Zvi,voice,subject,1
Liat Zvi,say,subject,1
Lina Khatib,say,subject,1
Lindsay Foreman,be,subject,3
Lindsay Foreman,say,subject,3
Lindsay Foreman,arrest,passive_subject,1
Lindsay Foreman,pause,subject,1
Lindsay Foreman,return,object,1
Lindsay Foreman,detain,passive_subject,1
Lindsay Foreman,return,passive_subject,1
Lindsay Foreman,admit,subject,1
Lindsay Foreman,read,subject,1
Lindsay Foreman,feel,subject,1
Lindsay Foreman,ask,subject,1
Lindsay Foreman,spend,subject,1
Lindsay James,say,subject,1
Lindsey German,say,subject,1
Lisa Smart,say,subject,1
London,hit,object,1
London Blood Bikes,say,subject,1
Lt Col Rachel E VanLandingham,say,subject,1
Lyse Doucet,say,subject,1
MSC-Francesca,seize,passive_subject,1
MSC-Francesca,target,passive_subject,1
Macron,say,subject,2
Maersk,say,subject,2
Maersk,confirm,subject,1
Maersk,tell,subject,1
Mahmood Amiry-Moghaddam,note,subject,1
Mahmoud,say,subject,1
Mahmoud,add,subject,1
Mahmoud,get,subject,1
Maldives,seize,subject,1
Maor,say,subject,1
Marco Rubio,say,subject,7
Marco Rubio,speak,subject,1
Marco Rubio,tell,subject,1
Marine,be,subject,1
Marine Traffic,show,subject,1
MarineTraffic,show,subject,1
Maritime Trade Operations Centre (UKMTO,say,subject,1
Mark Bednar,say,subject,2
Mark Hunt,say,subject,1
Mark Montgomery,tell,subject,1
Mark Warner,tell,subject,1
Marwa Fatafta,tell,subject,1
Mary Anne Velasquez de Vera,kill,object,1
Masoud Pezeshkian,say,subject,5
Masoud Pezeshkian,reference,subject,2
Masoud Pezeshkian,apologise,subject,1
Masoud Pezeshkian,post,subject,1
Masoud Pezeshkian,denounce,subject,1
Mazda,drive,object,1
McGarry,add,subject,1
Meeks,indicate,subject,1
Mehr,tell,object,1
Mehrab Abdollahzadeh,describe,subject,1
Merz,say,subject,2
Merz,make,subject,1
Merz,think,subject,1
Merz,focus,subject,1
Merz,have,subject,1
Michael Young,tell,subject,1
Michelle Wiese Bockmann,say,subject,1
Mick Mulroy,say,subject,1
Mick Mulroy,tell,subject,1
Middle East,engulf,object,2
Middle East,reshape,object,1
Mike Higgins,say,subject,1
Mike Huckabee,say,subject,1
Mike Turner,say,subject,1
Ministry of Defence,say,subject,3
Ministry of Defence,pay,subject,1
Ministry of External Affairs,call,subject,1
Ministry of Sustainability,say,subject,1
MoD,say,subject,1
Moein Tayari,run,subject,1
Mohammad,add,subject,1
Mohammad,declare,subject,1
Mohammad Akraminia,say,subject,1
Mohammad Bagher Ghalibaf,say,subject,3
Mohammad Bagher Ghalibaf,lead,subject,2
Mohammad Bagher Ghalibaf,sound,subject,1
Mohammad Eslami,explain,subject,1
Mohammad Ghalibaf,respond,subject,1
Mohammad Ghalibaf,write,subject,1
Mohammad-Bagher Ghalibaf,head,subject,1
Mohammad-Bagher Ghalibaf,step,object,1
Mohammadi,sentence,passive_subject,2
Mohammadi,be,subject,1
Mohammadi,spend,subject,1
Mohammadi,arrest,passive_subject,1
Mojtaba Khamenei,assume,subject,1
Mojtaba Khamenei,see,passive_subject,1
Montgomery,say,subject,1
Morality Police,arrest,subject,1
Mordashov,list,passive_subject,1
Mordashov,make,subject,1
Mordashov,target,passive_subject,1
Mr Explosive,admit,subject,2
Mr Explosive,ask,object,2
Mr Explosive,accept,subject,1
Mr Explosive,defend,subject,1
Mr Explosive,reject,subject,1
Mr Explosive,claim,subject,1
Mukesh Bansal,say,subject,1
Murkowski,add,subject,1
Mustafa,say,subject,1
Mustafa,spot,object,1
Naim Qassem,reject,subject,1
Nandito Badea,be,subject,1
Narges,tell,object,1
Narges Mohammadi,transfer,passive_subject,1
Narges Mohammadi,award,passive_subject,1
Narges Mohammadi,arrest,passive_subject,1
Narges Mohammadi Foundation,say,subject,2
Nassim Papayianni,say,subject,1
National Farmers' Union,say,subject,1
Nato,criticise,object,2
Nato,offer,subject,1
Navy,warn,subject,1
Navy,publish,subject,1
Netanyahu,say,subject,13
Netanyahu,be,subject,2
Netanyahu,oppose,subject,1
Netanyahu,reveal,subject,1
Netanyahu,write,subject,1
Netanyahu,cave,subject,1
Netanyahu,point,subject,1
Netanyahu,convene,subject,1
Netanyahu,bow,subject,1
Netanyahu,know,subject,1
Netanyahu,make,subject,1
Netanyahu,cite,subject,1
Netanyahu,agree,subject,1
Netanyahu,have,subject,1
Netanyahu,ask,object,1
Netanyahu,promise,subject,1
Netanyahu,tell,subject,1
New York Times,tell,object,2
New York Times,report,subject,1
Nicholas Blanford,tell,subject,1
Nitya Labh,say,subject,1
Nord,leave,subject,1
Nord,gain,subject,1
Nord,have,subject,1
Nord,seize,object,1
Nour News,say,subject,1
OFAC,say,subject,2
Obama,say,subject,1
Oldouz Rezvani,say,subject,1
Oman,visit,object,1
Oman,report,subject,1
Operation Epic Fury,say,object,2
Operation Epic Fury,be,subject,1
Operation Epic Fury,begin,subject,1
Operation Epic Fury,launch,object,1
Orion,say,subject,2
Oxfam,tell,subject,1
Oxfam,plan,subject,1
PBS,tell,object,1
Pakistan,say,subject,4
Pakistan,mediate,subject,2
Pakistan,make,subject,2
Pakistan,be,subject,2
Pakistan,play,subject,1
Pakistan,prove,subject,1
Pakistan,give,subject,1
Pakistan,continue,subject,1
Pakistan,announce,subject,1
Pakistan,confirm,subject,1
Pakistan,insist,subject,1
Pakistanis,try,subject,1
Palestinians,sideline,object,1
Party of God,create,passive_subject,1
Pasandideh,thank,subject,1
Pasandideh,say,subject,1
Paul Adams,say,subject,1
Pentagon,criticise,object,1
Pentagon,say,subject,1
Pentagon,release,subject,1
Pentagon,comment,subject,1
Pentagon,leave,object,1
Pentagon,take,subject,1
Pentagon,dismiss,subject,1
Persian Gulf,exit,object,1
Pete Hegseth,ask,passive_subject,2
Pete Hegseth,say,subject,2
Pete Hegseth,focus,subject,1
Pete Hegseth,contend,subject,1
Pete Hegseth,defend,subject,1
Pete Hegseth,ask,subject,1
Pete Hegseth,put,subject,1
Peter Burch,be,subject,1
Philippines,shorten,subject,1
Planet,suspend,subject,1
Planet Labs,introduce,subject,1
Popular Mobilization Forces,say,subject,1
Ports and Maritime Organisation of the Islamic Rep of Iran,announce,subject,1
Ports and Maritime Organisation of the Islamic Republic of Iran,announce,subject,1
Pouria Zeraati,tell,subject,1
Project Freedom,pause,object,1
Project Freedom,roll,object,1
Project Freedom,have,subject,1
Project Freedom,support,object,1
Project Freedom,be,subject,1
Putin,host,subject,1
Pyongyang,continue,subject,1
Qalibaf,refer,subject,1
Qassem,say,subject,2
Qatar,condemn,subject,1
Rachel Ledwith,say,subject,1
Rachel Reeves,say,subject,1
Rachel Reeves,plan,subject,1
Radmehr,tell,subject,1
Ramezanisadeh,thank,subject,1
Ramezanisadeh,say,subject,1
Randy George,ask,object,1
Raphaël Chenuil-Hazan,say,subject,1
Rathke,say,subject,1
Red Crescent,report,subject,1
Red Sea,up,object,1
Reeves,be,subject,1
Reeves,confront,passive_subject,1
Republican Party,pay,subject,1
Republicans,oppose,subject,2
Republicans,face,subject,1
Republicans,tell,object,1
Republicans,express,subject,1
Republicans,include,object,1
Republicans,suggest,subject,1
Reuters,tell,object,2
Reuters,quote,subject,1
Reuters,report,subject,1
Reuters,see,subject,1
Reuters,be,subject,1
Revolutionary Court,sentence,subject,2
Revolutionary Courts,hand,subject,1
Reyhaneh,hold,subject,1
Richard Corbett,say,subject,1
Richard Meade,show,subject,1
Richard Meade,say,subject,1
Road Less Travelled,read,object,1
Robertson,lead,object,1
Robertson,choose,subject,1
Ronald Reagan,receive,subject,1
Rumley,say,subject,1
Russia,launch,subject,2
Russia,be,subject,1
SNSC,say,subject,1
Saeed Khatibzadeh,say,subject,1
Safa Bleik,happen,subject,1
Saffron,be,subject,2
Sahand,say,subject,4
Sahand,advise,subject,1
Sana,be,subject,1
Sana,meet,object,1
Sana,feel,subject,1
Sanam Vakil,describe,subject,1
Sanjay Jain,say,subject,1
Sattar Hashemi,call,subject,1
Saudi Arabia,report,subject,1
Saudis,pump,subject,1
Scott Bessent,say,subject,1
Scott Bessent,pop,subject,1
Scott Bessent,tell,subject,1
Sean Parnell,tell,subject,1
Senate,reject,subject,1
Serv Surrey,say,subject,1
Sharif,say,subject,1
Shebaz Sharif,say,subject,1
Shehbaz Sharif,declare,subject,1
Shehbaz Sharif,post,subject,1
Shehbaz Sharif,speak,subject,1
Shehbaz Sharif,announce,subject,1
Sherriff,say,subject,2
Shia Muslims,be,subject,1
Shiel,say,subject,1
Shirin,be,subject,2
Shirin,suffer,subject,1
Shirin,interrogate,passive_subject,1
Shirin,lose,subject,1
Shirin,worry,subject,1
Shirin,expect,subject,1
Singapore,join,subject,1
Slopaganda,be,subject,1
Snow,work,subject,1
Somerset,follow,object,1
Somerset Air Ambulance,say,subject,1
South Korea,report,subject,2
South Korea,launch,subject,1
South Pars,target,object,1
SpaceX,contact,object,1
Spain,suspend,object,1
Sri Lanka,take,subject,1
Sri Lanka,allow,subject,1
Sri Lanka,intervene,subject,1
Sri Lanka,maintain,subject,1
Starlink,activate,object,1
Starlink,use,object,1
Starmer,underline,subject,1
Starmer,have,subject,1
Starmer,agree,subject,1
Steve Witkoff,waste,subject,1
Steve Witkoff,join,subject,1
Steve Witkoff,include,object,1
Strait of Hormuz,reopen,object,11
Strait of Hormuz,remain,subject,6
Strait of Hormuz,be,subject,5
Strait of Hormuz,transit,object,5
Strait of Hormuz,block,object,4
Strait of Hormuz,close,object,4
Strait of Hormuz,open,object,4
Strait of Hormuz,open,passive_subject,3
Strait of Hormuz,control,object,2
Strait of Hormuz,approach,object,2
Strait of Hormuz,unblock,object,2
Strait of Hormuz,reopen,passive_subject,2
Strait of Hormuz,leave,object,2
Strait of Hormuz,reopen,subject,2
Strait of Hormuz,cross,object,2
Strait of Hormuz,make,object,1
Strait of Hormuz,block,passive_subject,1
Strait of Hormuz,exit,object,1
Strait of Hormuz,enter,object,1
Strait of Hormuz,secure,object,1
Strait of Hormuz,restore,object,1
Strait of Hormuz,promise,object,1
Strait of Hormuz,become,subject,1
Strait of Hormuz,shut,object,1
Strait of Hormuz,keep,object,1
Strait of Hormuz,describe,object,1
Strait of Hormuz,close,passive_subject,1
Strait of Hormuz - one,control,object,1
Supreme National Security Council,say,subject,1
Susan,be,subject,1
Susan,want,subject,1
TOUSKA,be,subject,1
Taif Agreement,mandate,subject,1
Tasnim,post,subject,1
Tasnim News Agency,call,subject,1
Tass,report,subject,1
Tehran,respond,subject,6
Tehran,block,subject,4
Tehran,say,subject,3
Tehran,confirm,subject,3
Tehran,have,subject,3
Tehran,share,subject,2
Tehran,deny,subject,2
Tehran,warn,subject,2
Tehran,remain,subject,2
Tehran,show,subject,2
Tehran,deem,subject,2
Tehran,target,subject,2
Tehran,be,subject,2
Tehran,retaliate,subject,1
Tehran,allow,passive_subject,1
Tehran,criticise,subject,1
Tehran,anger,object,1
Tehran,inch,subject,1
Tehran,close,subject,1
Tehran,comment,subject,1
Tehran,return,subject,1
Tehran,receive,subject,1
Tehran,secure,subject,1
Tehran,focus,subject,1
Tehran,suspect,object,1
Tehran,restrict,subject,1
Tehran,produce,subject,1
Tehran,represent,object,1
Tehran,announce,object,1
Tehran,decide,subject,1
Tehran,refuse,subject,1
Tehran,agree,subject,1
Tehran,hand,object,1
Tehran,see,subject,1
Tehran,accuse,object,1
Tehran,review,subject,1
Tehran,promise,subject,1
Tehran,want,subject,1
Tehran,reject,subject,1
Tehran,choke,subject,1
Tehran,suggest,subject,1
Tehran,encourage,object,1
Tehran,deliver,subject,1
Tehran,try,subject,1
Tehran,ask,subject,1
Tehran,send,subject,1
Thailand,implement,subject,1
Thames Valley,say,subject,1
Thames Valley Air Ambulance,say,subject,1
Thomas Kazakos,say,subject,1
Thomas Massie,be,subject,1
Tim Wilkins,tell,subject,1
Tine Munk,characterise,subject,1
Tiyari,say,subject,1
Todd Harrison,tell,subject,1
Tony Burke,say,subject,1
Tony Vaughan,urge,subject,1
Touska,intercept,passive_subject,1
Touska,approach,object,1
Touska,seize,passive_subject,1
Trump,say,subject,88
Trump,tell,subject,12
Trump,announce,subject,12
Trump,write,subject,5
Trump,warn,subject,4
Trump,threaten,subject,4
Trump,confirm,subject,4
Trump,hop,subject,4
Trump,respond,subject,4
Trump,pull,subject,4
Trump,make,subject,4
Trump,agree,subject,4
Trump,suggest,subject,3
Trump,reject,subject,3
Trump,repeat,subject,3
Trump,dismiss,subject,3
Trump,insist,subject,3
Trump,be,subject,3
Trump,do,subject,3
Trump,give,subject,3
Trump,call,subject,2
Trump,criticise,subject,2
Trump,accuse,subject,2
Trump,post,subject,2
Trump,declare,subject,2
Trump,retreat,subject,2
Trump,claim,subject,2
Trump,describe,subject,2
Trump,order,subject,2
Trump,go,subject,2
Trump,have,subject,2
Trump,address,subject,1
Trump,launch,subject,1
Trump,predict,subject,1
Trump,change,subject,1
Trump,express,subject,1
Trump,maintain,subject,1
Trump,persuade,object,1
Trump,pause,subject,1
Trump,set,passive_subject,1
Trump,want,subject,1
Trump,ask,passive_subject,1
Trump,seem,subject,1
Trump,dump,subject,1
Trump,add,subject,1
Trump,require,passive_subject,1
Trump,commit,subject,1
Trump,point,subject,1
Trump,constrain,object,1
Trump,consider,subject,1
Trump,propose,subject,1
Trump,assure,subject,1
Trump,anger,passive_subject,1
Trump,meet,object,1
Trump,instruct,subject,1
Trump,urge,subject,1
Trump,opt,subject,1
Trump,cancel,subject,1
Trump,decide,subject,1
Trump,set,subject,1
Trump,postpone,subject,1
Trump,hate,subject,1
Trump,hate,object,1
Trump,avoid,subject,1
Trump,manage,subject,1
Trump,extend,subject,1
Trump,attempt,subject,1
Trump,love,subject,1
Trump,offer,subject,1
Trump,double,subject,1
Trump,float,subject,1
Trump,find,subject,1
Trump,travel,subject,1
Trump,pick,subject,1
Trump,joke,subject,1
Trump,watch,subject,1
Trump,die,object,1
Trump,fall,subject,1
Trump,fund,subject,1
Trump,task,subject,1
Trump,back,object,1
Trump,let,subject,1
Trump,tap,subject,1
Trump,hand,subject,1
Trump,throw,subject,1
Trump,try,subject,1
Trump,boast,subject,1
Trump,speak,subject,1
Trump,need,subject,1
Trump,lampoon,object,1
Trump,expect,subject,1
Trump,demand,subject,1
Trump,ask,subject,1
Trump,promise,subject,1
Trump,veer,subject,1
Trump,include,object,1
Trump's Make America Great Again,satisfy,object,1
Turkey,say,subject,1
UAE,remain,subject,1
UAE,double,subject,1
UAE,report,subject,1
UK,remain,subject,3
UK,leave,object,2
UK,say,subject,2
UK,drag,passive_subject,2
UK,support,subject,2
UK,hit,object,2
UK,involve,passive_subject,2
UK,announce,subject,1
UK,be,subject,1
UK,continue,subject,1
UK,face,subject,1
UK,show,object,1
UK,lead,subject,1
UK,defend,object,1
UK,have,subject,1
UK,co,subject,1
UK,send,subject,1
UK,see,subject,1
UK,refuse,subject,1
UK,criticise,object,1
UK,involve,object,1
UK,chair,subject,1
UK Government,take,subject,1
UK Maritime Trade Operations (UKMTO,say,subject,2
UN,say,subject,1
UN,fear,subject,1
UNHCR,say,subject,1
US,say,subject,16
US,attack,subject,14
US,launch,subject,13
US,be,subject,9
US,enforce,subject,8
US,have,subject,8
US,announce,subject,8
US,begin,subject,7
US,intercept,subject,6
US,agree,subject,6
US,accuse,object,5
US,impose,subject,5
US,come,subject,4
US,continue,subject,4
US,target,subject,3
US,carry,subject,3
US,start,subject,3
US,pull,object,3
US,feel,subject,3
US,blackmail,object,3
US,remove,subject,2
US,maintain,subject,2
US,destroy,subject,2
US,surrender,subject,2
US,lead,subject,2
US,contact,subject,2
US,want,subject,2
US,go,subject,2
US,strike,subject,2
US,ask,object,2
US,seize,subject,2
US,hit,subject,2
US,use,subject,2
US,achieve,subject,2
US,stop,subject,2
US,involve,passive_subject,2
US,insist,subject,2
US,prompt,object,2
US,reject,subject,2
US,warn,object,1
US,tell,object,1
US,fail,subject,1
US,claim,subject,1
US,issue,subject,1
US,fire,subject,1
US,signal,subject,1
US,opt,subject,1
US,threaten,subject,1
US,advise,subject,1
US,urge,object,1
US,sanction,subject,1
US,challenge,object,1
US,attempt,subject,1
US,pause,subject,1
US,jeopardise,subject,1
US,allow,subject,1
US,inflict,subject,1
US,show,subject,1
US,kill,subject,1
US,start,object,1
US,ask,passive_subject,1
US,deny,subject,1
US,help,object,1
US,help,subject,1
US,step,subject,1
US,warn,subject,1
US,reach,object,1
US,institute,subject,1
US,study,subject,1
US,humiliate,passive_subject,1
US,punish,subject,1
US,seek,subject,1
US,resume,subject,1
US,see,object,1
US,mean,object,1
US,invite,subject,1
US,prepare,subject,1
US,operate,subject,1
US,cause,subject,1
US,increase,subject,1
US,suspect,subject,1
US,wait,subject,1
US,condemn,subject,1
US,denounce,object,1
US,talk,subject,1
US,hold,subject,1
US,consider,subject,1
US,lift,subject,1
US,get,subject,1
US,give,subject,1
US,end,subject,1
US,put,subject,1
US,work,subject,1
US,see,subject,1
US,downgrade,subject,1
US,propose,subject,1
US,back,subject,1
US,pressure,object,1
US,bring,subject,1
US,determine,subject,1
US,blockade,subject,1
US,drag,passive_subject,1
US,recognise,subject,1
US,seem,subject,1
US,leave,object,1
US,instal,subject,1
US,ignite,subject,1
US,do,subject,1
US,translate,subject,1
US,need,subject,1
US,accuse,subject,1
US,wag,subject,1
US,choose,subject,1
US,withdraw,subject,1
US Defense Department,announce,subject,1
US Department of Defence,say,subject,1
US Department of Defense,decline,subject,1
US Department of Defense,release,subject,1
US Marines,deploy,object,1
US Navy,order,object,3
US Navy,seize,subject,2
US Navy,fire,subject,1
US Navy,warn,object,1
US State Department,say,subject,1
US Supreme Court,find,subject,1
US Treasury,announce,subject,1
Ukraine,do,object,1
Umesh Babu,spend,subject,1
United Arab Emirates,visit,object,1
United Arab Emirates,say,subject,1
United Arab Emirates (UAE,look,subject,1
United Kingdom Maritime Transportation Operation (UKMTO,report,subject,1
United Nations Resolution 1701,implement,passive_subject,1
United States Air Force,use,subject,1
United States Central Command,define,subject,1
Urea,double,subject,1
VanLandingham,be,subject,1
Vance,tell,subject,3
Vance,be,subject,3
Vance,have,subject,2
Vance,expect,passive_subject,1
Vance,board,subject,1
Vance,give,subject,1
Vance,leave,subject,1
Vance,land,subject,1
Vance,back,subject,1
Vance,handle,subject,1
Vance,lead,subject,1
Vance,speak,subject,1
Vance,warn,subject,1
Vance,watch,object,1
Vance,need,subject,1
Vance,face,subject,1
Vance,signal,subject,1
Vance,collaborate,subject,1
Vance,tamp,subject,1
Vance,tell,object,1
Vance,try,subject,1
Vance,work,subject,1
Vance,make,subject,1
Vance,position,subject,1
Vance,agree,subject,1
Vance,put,object,1
Vance,publish,subject,1
Vance,call,subject,1
Vance,tap,object,1
Vance,choose,passive_subject,1
Vance,involve,passive_subject,1
Vance,command,subject,1
Vance,forget,object,1
Vanguard,identify,subject,1
Vanguard,tell,object,1
Vanguard,say,subject,1
Vanguard,tell,subject,1
Venkatakrishnan,be,subject,1
Videos,say,passive_subject,1
Viktor Orbán,make,object,1
Volodymyr Zelensky,accuse,object,1
Wafiq Safa,tell,subject,1
Wall Street Journal,report,subject,1
Wall Street Journal,cite,subject,1
Wall Street Journal,publish,object,1
Wang,reiterate,subject,1
Wang,add,subject,1
Wang,tell,object,1
Wang,emphasise,subject,1
Wang Yi,call,subject,1
Wang Yi,tell,subject,1
Wang Yi,say,subject,1
War Powers Resolution,define,subject,1
War Powers Resolution,adhere,passive_subject,1
War Powers Resolution,pass,passive_subject,1
Warren Davidson,vote,subject,1
Washington,receive,subject,2
Washington,leave,object,2
Washington,set,subject,1
Washington,inch,subject,1
Washington,seek,subject,1
Washington,withdraw,subject,1
Washington,ask,object,1
Washington,struggle,subject,1
Washington,urge,object,1
Washington,be,subject,1
Washington,fail,subject,1
Washington,hop,subject,1
Washington,accuse,object,1
Washington Post,tell,object,1
Wes Bryant,tell,subject,1
West,trust,object,1
West,target,object,1
Westminster,resolve,subject,1
White House,say,subject,4
White House,believe,subject,2
White House,tell,subject,1
White House,contact,object,1
White House,confirm,subject,1
Witkoff,send,object,1
Witkoff,lead,subject,1
Witkoff,do,subject,1
World Bank,surge,subject,1
World Bank,readie,subject,1
World Health Organization,report,subject,1
Xi,make,subject,1
Xi,be,subject,1
Xi,challenge,subject,1
Yasmin,tell,subject,1
Yvette Cooper,act,subject,1
Yvette Cooper,call,subject,1
Zack Polanski,say,subject,1
Zeraati,say,subject,2
Zeraati,describe,subject,1
Zeraati,add,subject,1
Zeraati,take,passive_subject,1
Zeraati,see,subject,1
Zereshk,increase,subject,1
Ziad Samir Itani,say,subject,1
Zoetic Ltd,run,object,1
Zvi,ask,subject,1
navy,say,subject,2
sports ministry,say,subject,1
